Threshold,Run,Games,Wins,Losses,Pushes,Player Busts,Dealer Busts,Win Rate,Loss Rate,Push Rate,Expected Return
12,1,1000000,415720,518327,65953,0,283811,0.41572,0.518327,0.065953,-0.102607
12,2,1000000,415248,518218,66534,0,283187,0.415248,0.518218,0.066534,-0.10297
12,3,1000000,415784,518089,66127,0,283489,0.415784,0.518089,0.066127,-0.102305
12,4,1000000,416921,517176,65903,0,283832,0.416921,0.517176,0.065903,-0.100255
12,5,1000000,416073,517815,66112,0,283425,0.416073,0.517815,0.066112,-0.101742
13,1,1000000,419656,507788,72556,33889,274649,0.419656,0.507788,0.072556,-0.088132
13,2,1000000,418664,509218,72118,33826,274063,0.418664,0.509218,0.072118,-0.090554
13,3,1000000,419505,508510,71985,33625,273824,0.419505,0.50851,0.071985,-0.089005
13,4,1000000,417961,509143,72896,33738,273415,0.417961,0.509143,0.072896,-0.091182
13,5,1000000,419610,507877,72513,33809,274345,0.41961,0.507877,0.072513,-0.088267
14,1,1000000,421262,499382,79356,78421,261853,0.421262,0.499382,0.079356,-0.07812
14,2,1000000,421252,499716,79032,78386,261994,0.421252,0.499716,0.079032,-0.078464
14,3,1000000,420812,499376,79812,78759,262077,0.420812,0.499376,0.079812,-0.078564
14,4,1000000,420306,500272,79422,78375,261250,0.420306,0.500272,0.079422,-0.079966
14,5,1000000,419902,500509,79589,79243,261259,0.419902,0.500509,0.079589,-0.080607
15,1,1000000,419094,494318,86588,134376,245606,0.419094,0.494318,0.086588,-0.075224
15,2,1000000,418743,494379,86878,134615,245589,0.418743,0.494379,0.086878,-0.075636
15,3,1000000,420495,493188,86317,133653,246859,0.420495,0.493188,0.086317,-0.072693
15,4,1000000,418571,494400,87029,133874,245474,0.418571,0.4944,0.087029,-0.075829
15,5,1000000,419397,494043,86560,134509,246139,0.419397,0.494043,0.08656,-0.074646
16,1,1000000,415105,490415,94480,203667,226125,0.415105,0.490415,0.09448,-0.07531
16,2,1000000,416139,489734,94127,202803,226997,0.416139,0.489734,0.094127,-0.073595
16,3,1000000,415302,490522,94176,203318,226147,0.415302,0.490522,0.094176,-0.07522
16,4,1000000,415214,490603,94183,202663,225942,0.415214,0.490603,0.094183,-0.075389
16,5,1000000,416539,489045,94416,202874,227310,0.416539,0.489045,0.094416,-0.072506
17,1,1000000,408901,489386,101713,283947,203599,0.408901,0.489386,0.101713,-0.080485
17,2,1000000,410069,487746,102185,283179,204273,0.410069,0.487746,0.102185,-0.077677
17,3,1000000,409868,488086,102046,283198,204460,0.409868,0.488086,0.102046,-0.078218
17,4,1000000,409353,488480,102167,283208,204180,0.409353,0.48848,0.102167,-0.079127
17,5,1000000,408943,488653,102404,283167,203636,0.408943,0.488653,0.102404,-0.07971
18,1,1000000,398366,513108,88526,381108,176026,0.398366,0.513108,0.088526,-0.114742
18,2,1000000,398471,512777,88752,380503,175388,0.398471,0.512777,0.088752,-0.114306
18,3,1000000,398528,513169,88303,380621,175725,0.398528,0.513169,0.088303,-0.114641
18,4,1000000,399498,511914,88588,379730,176252,0.399498,0.511914,0.088588,-0.112416
18,5,1000000,398980,512514,88506,380663,175865,0.39898,0.512514,0.088506,-0.113534
19,1,1000000,361583,564838,73579,492260,143906,0.361583,0.564838,0.073579,-0.203255
19,2,1000000,361485,564767,73748,492075,143990,0.361485,0.564767,0.073748,-0.203282
19,3,1000000,361661,564429,73910,491593,144159,0.361661,0.564429,0.07391,-0.202768
19,4,1000000,361770,564590,73640,492531,143960,0.36177,0.56459,0.07364,-0.20282
19,5,1000000,361041,564994,73965,492239,143939,0.361041,0.564994,0.073965,-0.203953
20,1,1000000,293135,650446,56419,624541,106789,0.293135,0.650446,0.056419,-0.357311
20,2,1000000,293186,650394,56420,624178,106860,0.293186,0.650394,0.05642,-0.357208
20,3,1000000,293147,649907,56946,623961,106754,0.293147,0.649907,0.056946,-0.35676
20,4,1000000,292667,651056,56277,625321,106533,0.292667,0.651056,0.056277,-0.358389
20,5,1000000,293433,650764,55803,624669,107370,0.293433,0.650764,0.055803,-0.357331
