Threshold,Mean EV,Standard Deviation,Standard Error,95% CI Lower,95% CI Upper
12,-0.10197579999999999,0.001061959839165305,0.0004749228779496731,-0.10329418590918829,-0.10065741409081169
13,-0.089428,0.0013739412287285028,0.0006144451969053038,-0.09113369986660912,-0.08772230013339087
14,-0.0791442,0.0010797486744608647,0.0004828782869419569,-0.08048467012455086,-0.07780372987544913
15,-0.0748056,0.001264962568616163,0.0005657084584836965,-0.07637600668075074,-0.07323519331924926
16,-0.074404,0.0012955502691906636,0.000579387694035695,-0.07601238023864308,-0.07279561976135691
17,-0.0790434,0.001126708613617561,0.0005038794101766823,-0.08044216924265046,-0.07764463075734954
18,-0.1139278,0.0009689206365848517,0.0004333144816412196,-0.11513068100103602,-0.11272491899896397
19,-0.2032156,0.0004760685874955365,0.00021290434471846518,-0.20380662246093845,-0.20262457753906155
20,-0.3573998,0.0005994303128804945,0.0002680733854749507,-0.35814397171807844,-0.35665562828192154
